epoch,G_total,D_total,loss_GAN,loss_pixel,loss_perceptual,psnr,ssim,lpips,fid,deltaE2000_mean,deltaE2000_median,lr,epochTimeMs
1,5.8,4.1,1.1,3.2,1.2,19.5,0.65,0.31,,11.2,10.8,0.0002,38500
2,4.9,3.8,1.0,2.9,0.95,21.2,0.70,0.27,,10.1,9.6,0.00019,38100
3,4.5,3.5,0.9,2.6,0.88,22.8,0.75,0.24,,9.2,8.8,0.00018,37800
4,4.2,3.3,0.85,2.4,0.82,24.1,0.78,0.21,,8.5,8.1,0.00017,37500
5,3.9,3.1,0.8,2.2,0.78,25.3,0.81,0.19,,7.9,7.5,0.00016,37200
