epoch,G_total,D_total,loss_GAN,loss_pixel,loss_perceptual,psnr,ssim,lpips,fid,deltaE2000_mean,deltaE2000_median,lr,epochTimeMs
1,6.2,4.3,1.2,3.5,1.3,18.2,0.61,0.34,,12.4,11.9,0.0002,41234
2,5.1,3.9,1.1,3.0,1.0,20.3,0.67,0.29,,10.8,10.1,0.00019,40210
3,4.8,3.7,1.0,2.8,0.9,21.5,0.71,0.26,,9.8,9.3,0.00018,39850
4,4.5,3.5,0.9,2.6,0.85,22.8,0.74,0.23,,9.1,8.7,0.00017,39500
5,4.3,3.3,0.85,2.4,0.8,23.9,0.77,0.21,,8.5,8.1,0.00016,39200
